Place of Origin,1999,2000,2001,2002,2003,2004,2005,2006,2007,2008,2009,2010,2011,2012,2013,2014,2015,2016,2017,2018,2019,2020,2021,2022
Burundi,40,55,75,66,80,82,78,85,87,85,113,123,103,124,122,165,148,180,134,141,164,149,157,194
Djibouti,7,8,8,5,2,5,15,14,5,13,3,11,8,13,7,7,9,10,9,9,6,6,6,10
Eritrea,105,134,161,141,127,194,199,184,163,168,164,120,110,106,97,108,109,138,151,117,81,53,77,73
Ethiopia,1 286,1 205,1 133,1 119,1 060,1 129,1 266,1 328,1 316,1 583,1 553,1 392,1 334,1 463,1 516,1 472,1 517,1 847,2 118,2 061,2 356,2 166,2 680,3 006
Kenya,5 684,6 229,7 097,7 862,7 381,6 728,6 559,6 349,5 838,5 877,5 384,4 666,3 898,3 516,3 201,3 072,3 019,3 189,3 322,3 451,3 710,3 502,3 799,4 059
Rwanda,131,261,263,149,275,191,215,210,270,366,451,457,465,565,720,800,928,1 088,1 232,1 292,1 444,1 333,1 226,1 372
Seychelles,15,13,20,19,10,10,2,6,8,9,5,6,10,16,16,14,20,16,11,16,11,9,6,18
Somalia,91,96,87,87,37,55,50,78,37,40,36,26,34,30,15,32,35,50,67,76,68,97,92,120
South Sudan,0,0,0,0,0,0,0,0,0,0,0,0,0,8,18,28,36,48,76,63,102,95,100,87
Sudan,354,366,378,431,279,290,309,321,224,217,213,236,180,187,186,233,253,324,331,319,318,324,360,381
Tanzania,1 091,1 528,1 814,1 822,1 471,1 332,1 239,1 196,1 192,1 217,1 098,1 006,906,950,889,867,840,811,824,834,859,699,749,904
Uganda,693,754,805,776,696,632,685,743,769,836,852,820,779,783,762,762,776,779,818,848,870,886,905,1 088
Cameroon,903,870,967,1 171,1 216,1 364,1 582,1 799,1 891,1 826,1 881,1 659,1 530,1 472,1 285,1 212,1 210,1 334,1 382,1 188,1 027,930,927,1 086
Central African Republic,20,18,12,23,40,32,34,47,47,42,32,29,28,28,11,13,13,15,14,17,12,13,11,11
Chad,42,51,60,90,95,75,73,120,127,138,96,99,84,89,81,61,52,66,75,65,51,52,61,67
Equatorial Guinea,22,44,35,94,79,104,160,196,98,94,78,119,164,196,253,314,339,360,335,280,247,226,186,234
Gabon,74,98,101,125,105,145,161,230,303,262,306,431,402,378,397,388,410,363,332,327,280,272,229,236
Angola,198,348,360,432,442,431,415,442,503,544,615,699,779,812,985,1 184,1 296,1 257,1 183,1 014,814,673,541,553
Botswana,1 053,941,1 004,688,488,338,284,227,236,298,212,229,175,216,228,257,246,296,233,214,246,218,231,256
Comoros,22,38,44,31,22,23,29,39,42,23,50,23,9,19,27,32,32,10,12,18,40,23,21,23
Eswatini,71,104,88,84,86,96,98,114,128,156,140,146,154,182,177,165,192,183,188,181,174,181,169,181
Lesotho,63,35,39,38,39,41,52,57,45,61,48,51,46,41,41,56,61,59,55,58,69,69,70,70
Madagascar,114,115,124,119,109,127,112,136,130,123,142,146,133,124,151,122,126,143,132,159,181,181,209,226
Malawi,308,428,475,391,399,375,347,321,297,315,274,269,258,252,275,272,289,317,306,311,315,287,342,373
Mauritius,209,246,251,228,209,188,210,205,218,221,210,247,205,228,221,231,250,283,288,311,332,323,281,292
Mozambique,82,86,106,108,93,106,98,80,78,89,88,76,67,88,91,108,109,120,111,113,127,131,145,147
Namibia,99,117,80,111,95,66,89,61,66,60,76,73,63,65,61,67,76,93,101,105,121,122,107,94
Reunion,3,2,20,4,2,8,11,6,6,8,2,7,1,2,2,1,5,2,6,1,2,4,6,10
South Africa,1 962,2 106,2 232,2 095,1 971,1 699,1 709,1 665,1 620,1 703,1 656,1 669,1 610,1 816,1 716,1 838,1 813,1 911,2 040,2 042,2 224,2 079,2 375,2 713
Zambia,494,613,819,882,859,794,816,876,787,743,641,560,535,496,502,465,473,469,450,445,464,440,512,555
Zimbabwe,1 184,1 703,2 029,2 186,1 999,1 695,1 704,1 518,1 421,1 269,1 159,1 135,1 161,1 170,1 206,1 245,1 295,1 330,1 324,1 343,1 377,1 304,1 507,1 789
Benin,130,145,153,171,168,180,217,253,319,328,342,289,313,318,291,287,259,248,234,246,234,210,201,246
Burkina Faso,74,112,135,162,191,277,339,423,514,568,680,626,631,627,526,567,540,533,567,514,483,420,367,372
Cabo Verde,44,59,57,79,52,40,40,76,43,100,42,55,87,81,69,64,102,80,67,52,61,63,44,47
Côte d’Ivoire,563,637,707,675,636,622,656,657,711,806,867,904,955,980,1 116,1 227,1 229,1 353,1 349,1 392,1 257,1 115,1 034,1 072
Gambia,263,386,401,464,523,445,403,372,330,328,299,385,383,328,300,275,274,299,261,243,239,219,231,286
Ghana,2 127,2 469,2 672,3 032,3 288,3 114,3 160,2 961,2 895,2 988,2 951,2 900,2 769,2 863,2 914,3 099,3 049,3 111,3 213,3 661,4 221,4 229,4 916,6 468
Guinea,235,237,220,249,250,225,218,181,167,190,180,139,104,79,80,109,94,94,98,107,92,104,76,96
Guinea-Bissau,29,16,21,13,16,11,5,19,15,17,15,12,12,10,15,9,18,9,10,16,13,9,8,12
Liberia,426,451,471,531,411,343,364,336,298,261,231,172,159,172,161,168,205,221,262,255,260,232,269,276
Mali,207,439,311,507,378,345,402,455,435,479,500,481,402,383,315,356,331,310,302,291,285,270,254,254
Mauritania,62,73,79,87,68,58,63,64,60,59,52,60,61,71,63,81,97,103,106,84,67,53,53,41
Niger,73,87,139,177,169,234,359,258,289,249,228,247,279,194,217,199,246,177,288,257,277,197,246,332
Nigeria,3 602,3 820,4 499,5 816,6 140,6 335,6 192,5 943,6 222,6 256,6 568,7 148,7 028,7 316,7 921,9 494,10 674,11 710,12 693,13 423,13 762,12 860,14 438,17 640
Senegal,707,732,809,774,805,725,666,681,658,642,624,600,681,688,633,633,603,569,544,504,485,430,445,490
Sierra Leone,452,336,320,340,306,308,297,299,230,173,173,183,130,123,146,152,167,209,200,181,199,201,197,280
Togo,176,330,382,498,413,514,448,366,439,381,310,241,250,218,231,238,209,210,199,189,214,196,193,198
China,54 466,59 939,63 211,64 757,61 765,62 523,62 582,67 723,81 127,98 235,127 628,157 558,194 029,235 597,274 439,304 040,328 547,350 755,363 341,369 548,372 532,317 299,290 086,289 526
Hong Kong,7 545,7 627,7 757,8 076,7 353,7 180,7 849,7 722,8 286,8 329,8 034,8 136,8 032,8 026,8 104,8 012,7 923,7 547,7 162,6 917,6 778,5 878,5 848,5 867
Japan,46 872,46 497,46 810,45 960,40 835,42 215,38 712,35 282,33 974,29 264,24 842,21 290,19 966,19 568,19 334,19 064,19 060,18 780,18 753,18 105,17 554,11 785,13 449,16 054
Macau,297,372,371,385,374,383,407,388,421,429,468,497,505,533,552,573,586,605,555,558,503,422,394,360
Mongolia,325,442,574,739,711,769,927,1 156,1 308,1 522,1 258,1 259,1 423,1 361,1 444,1 481,1 434,1 410,1 481,1 336,1 438,1 258,1 355,1 488
North Korea,201,127,113,213,174,219,201,266,65,43,57,16,15,17,19,8,18,8,3,2,1,2,4,3
South Korea,41 191,45 685,49 046,51 519,52 484,53 358,59 022,62 392,69 124,75 065,72 153,73 351,72 295,70 627,68 047,63 710,61 007,58 663,54 555,52 250,49 809,39 491,40 755,43 847
Taiwan,29 234,28 566,28 930,28 017,26 178,25 914,27 876,29 094,29 001,28 065,26 685,24 818,23 250,21 867,21 266,20 993,21 127,21 516,22 454,23 369,23 724,19 673,20 487,21 834
Afghanistan,110,75,92,102,109,155,175,268,338,407,426,429,371,449,450,471,498,506,476,418,422,354,420,682
Bangladesh,3 845,4 114,3 935,3 596,3 198,2 758,2 581,2 410,2 305,2 706,2 619,2 873,3 314,3 828,4 802,5 455,6 513,7 143,7 496,8 249,8 838,8 598,10 597,13 563
Bhutan,57,62,78,68,63,70,77,83,96,109,126,115,100,133,127,128,143,148,152,146,154,116,143,188
India,42 337,54 664,66 836,74 603,79 736,80 466,76 503,83 833,94 563,103 260,104 897,103 895,100 270,96 754,102 673,132 888,165 918,186 267,196 271,202 014,193 124,167 582,199 182,268 923
Kazakhstan,542,540,617,556,538,477,626,1 212,1 456,1 714,1 936,1 890,1 938,1 969,2 012,2 017,1 935,1 792,1 865,1 879,2 091,1 830,2 121,2 440
Kyrgyzstan,126,160,230,217,179,185,189,209,264,275,274,279,254,261,244,227,227,216,227,290,357,328,478,705
Maldives,18,13,16,23,15,24,26,26,38,36,39,34,29,33,39,34,37,40,32,25,29,23,23,27
Nepal,2 411,2 618,3 019,3 729,4 384,4 861,6 061,7 754,8 936,11 581,11 233,10 301,9 621,8 920,8 155,8 158,9 662,11 607,13 270,13 229,12 730,11 172,11 799,15 090
Pakistan,6 107,6 948,8 644,8 123,7 325,6 296,5 759,5 401,5 345,5 298,5 222,5 045,4 600,4 772,4 935,5 354,6 141,7 015,7 537,7 957,7 939,7 475,8 772,10 164
Sri Lanka,1 968,1 964,2 069,2 094,1 964,1 992,2 157,2 373,2 591,2 976,2 957,2 965,2 902,3 046,2 917,2 882,3 080,3 263,3 309,3 334,3 206,2 770,2 928,3 106
Tajikistan,71,118,143,167,117,158,185,164,364,342,288,249,298,312,270,254,235,204,222,229,242,205,183,170
Turkmenistan,65,65,71,102,98,103,154,143,166,180,195,210,209,178,214,201,216,231,234,280,272,269,223,299
Uzbekistan,493,418,381,386,412,416,472,581,539,688,513,560,486,445,463,491,530,505,570,571,546,538,631,1 089
Brunei,26,25,27,17,13,18,12,24,34,39,43,66,69,61,60,73,59,53,53,50,54,37,42,41
Burma,527,673,875,870,691,651,650,625,604,667,695,796,807,955,1 042,1 067,1 194,1 351,1 569,1 773,1 828,1 698,1 909,2 483
Cambodia,152,187,247,329,330,333,364,329,369,353,347,340,333,393,432,492,499,512,659,685,742,848,875,1 060
Indonesia,11 300,11 625,11 614,10 432,8 880,7 760,7 575,7 338,7 692,7 509,6 943,6 942,7 131,7 670,7 920,8 188,8 727,8 776,8 650,8 356,8 300,7 489,8 003,8 467
Laos,131,96,133,108,65,63,65,45,69,80,64,49,43,50,57,63,63,91,104,96,131,113,101,107
Malaysia,9 074,7 795,7 395,6 595,6 483,6 142,5 515,5 281,5 428,5 942,6 190,6 735,6 743,6 791,6 822,7 231,7 834,8 247,8 271,7 709,6 910,5 280,4 933,4 973
Philippines,3 143,3 139,3 295,3 576,3 467,3 531,3 758,3 730,4 170,4 226,3 815,3 604,3 194,3 215,3 112,3 026,2 886,3 006,3 225,3 320,3 295,2 907,3 278,3 818
Singapore,4 250,4 166,4 141,4 189,3 955,3 769,3 909,3 705,3 976,3 989,4 051,4 316,4 505,4 558,4 592,4 727,4 865,4 677,4 575,4 632,4 504,3 558,3 901,4 484
Thailand,10 983,11 187,11 606,9 982,8 937,8 637,8 765,8 886,9 004,8 736,8 531,8 236,7 626,7 314,7 341,7 217,7 113,6 893,6 636,6 503,6 154,4 960,5 007,5 376
Vietnam,2 266,2 022,2 531,2 722,3 165,3 670,4 597,6 036,8 769,12 823,13 112,14 888,15 572,16 098,16 579,18 722,21 403,22 438,24 325,24 392,23 777,21 631,20 713,21 900
Albania,855,1 118,1 129,1 106,916,866,904,841,689,757,790,697,659,649,636,670,705,781,884,993,1 095,1 053,1 026,1 087
Andorra,13,5,8,11,9,11,6,3,9,12,11,14,24,13,9,9,11,16,14,17,11,16,18,20
Armenia,342,366,439,390,412,410,408,427,403,401,374,350,363,345,272,304,270,280,313,328,339,318,366,457
Austria,1 041,1 062,1 079,1 060,899,885,843,843,886,909,994,1 019,989,1 036,1 062,1 114,1 141,1 111,1 148,1 098,1 105,655,977,1 054
Azerbaijan,166,253,277,277,238,252,337,286,318,364,409,440,460,388,383,408,391,386,426,489,571,556,728,901
Belarus,283,311,411,417,422,431,458,496,457,443,408,347,358,355,306,330,323,319,351,378,388,356,357,382
Belgium,904,881,884,847,823,743,754,703,812,858,845,904,880,894,948,1 001,1 094,1 087,1 080,1 073,1 055,756,988,1 044
Bosnia and Herzegovina,447,477,511,528,433,359,369,413,409,409,404,356,341,364,319,296,309,303,290,300,287,261,257,236
Bulgaria,2 847,3 270,3 584,3 725,3 734,3 644,3 633,3 478,3 205,2 889,2 495,1 957,1 694,1 473,1 252,1 171,1 016,929,826,757,690,585,532,546
Croatia,812,782,802,735,660,675,639,629,602,617,623,583,552,581,529,523,527,537,528,516,472,393,392,408
Cyprus,2 071,2 217,2 027,1 834,1 562,1 326,1 111,877,782,696,586,470,438,425,419,417,401,388,410,431,432,374,413,413
Czech Republic,941,1 112,1 152,1 180,1 052,902,927,914,922,925,828,765,701,776,736,796,749,772,763,820,763,609,732,787
Denmark,1 066,1 007,922,901,859,887,900,963,898,999,989,1 149,1 233,1 359,1 470,1 602,1 486,1 490,1 423,1 423,1 264,608,1 091,1 393
Estonia,249,287,293,298,271,283,321,240,245,270,220,228,241,218,212,288,191,179,186,184,177,156,178,197
Finland,905,893,819,739,619,570,608,566,672,753,663,639,640,691,656,669,714,737,768,716,690,485,480,517
France,6 877,7 273,7 401,7 223,6 818,6 555,6 640,6 704,7 050,7 421,7 716,8 098,8 232,8 297,8 302,8 743,8 764,8 814,8 802,8 716,8 471,5 643,7 751,8 552
Georgia,347,329,345,377,373,340,343,353,378,407,448,460,481,456,496,541,543,558,597,574,640,583,662,832
Germany,9 800,10 128,9 613,9 302,8 745,8 640,8 829,8 656,8 907,9 679,9 548,9 458,9 347,9 819,10 160,10 193,10 145,10 169,10 042,9 191,9 242,5 364,8 550,9 751
Greece,2 782,2 768,2 599,2 341,2 126,2 035,2 088,1 986,1 981,1 896,1 837,1 874,1 922,2 046,2 170,2 147,2 199,2 318,2 395,2 523,2 489,2 256,2 407,2 539
Hungary,1 166,1 174,1 242,1 200,997,934,831,735,710,680,664,670,655,690,667,720,773,730,716,793,724,653,705,712
Iceland,538,558,891,537,488,434,438,422,402,382,407,369,391,384,390,396,382,402,412,407,411,359,411,367
Ireland,1 166,1 086,1 053,1 055,1 020,976,1 100,1 081,1 018,1 059,1 212,1 167,1 106,1 158,1 156,1 192,1 183,1 217,1 141,1 180,1 228,870,1 295,1 441
Italy,3 286,3 490,3 333,3 287,3 308,3 261,3 224,3 342,3 535,3 945,4 072,4 308,4 284,4 276,4 443,4 863,5 155,5 593,5 789,6 114,6 063,4 894,5 695,6 274
Kosovo,0,0,0,0,0,35,70,56,50,75,88,121,114,106,112,170,268,244,229,159,173,154,157,160
Latvia,309,383,434,447,424,408,382,430,363,320,286,324,308,295,266,276,281,244,236,244,274,232,291,251
Liechtenstein,11,13,12,9,6,9,14,6,13,8,8,5,14,7,8,8,8,8,9,8,9,2,7,7
Lithuania,405,493,628,647,691,635,653,536,495,420,361,338,288,284,287,293,315,333,327,318,320,273,314,323
Luxembourg,69,73,61,73,50,39,51,56,49,87,56,59,68,87,95,97,86,118,102,101,88,62,89,89
North Macedonia,258,281,337,305,349,381,362,345,311,329,278,257,222,237,237,237,236,245,224,227,265,208,218,209
Malta,65,61,51,38,30,27,38,27,24,37,32,19,41,51,52,29,23,25,34,38,52,46,62,82
Moldova,159,183,269,268,266,285,359,365,418,485,441,411,416,379,328,322,281,252,237,205,214,157,147,151
Monaco,17,18,15,13,8,9,24,21,28,12,23,22,43,21,28,18,23,22,17,17,20,26,19,14
Netherlands,1 751,1 856,1 791,1 672,1 505,1 474,1 567,1 587,1 680,1 870,1 830,1 833,1 975,1 948,2 074,2 257,2 445,2 551,2 701,2 681,2 727,1 767,2 172,2 751
Norway,2 329,2 098,2 323,1 568,1 471,1 414,1 297,1 191,1 264,1 349,1 467,1 822,2 016,2 097,2 304,2 498,2 391,2 293,2 105,1 988,1 886,1 265,1 633,1 926
Poland,2 194,2 432,2 606,2 744,2 913,2 861,3 020,2 810,2 731,2 772,2 264,1 852,1 838,1 581,1 520,1 493,1 460,1 489,1 477,1 526,1 513,1 328,1 458,1 585
Portugal,918,884,946,881,880,852,845,854,902,974,1 015,981,970,949,877,915,919,929,937,973,934,791,1 030,1 045
Romania,2 716,2 976,3 325,3 407,3 320,3 217,3 225,3 134,2 902,2 612,2 204,1 883,1 607,1 460,1 317,1 220,1 105,1 173,1 071,1 016,1 000,852,872,876
Russia,7 025,6 858,6 643,6 238,5 532,5 073,4 801,4 751,4 906,4 908,4 827,4 692,4 805,4 898,5 138,5 562,5 444,5 412,5 518,5 292,5 293,4 805,4 802,4 913
San Marino,3,4,2,4,2,3,3,2,0,2,2,2,3,3,1,1,3,2,4,3,4,2,3,4
Serbia,0,0,0,0,0,0,0,1 074,1 193,1 234,1 175,1 067,1 068,1 041,966,970,1 023,1 055,1 079,1 098,1 044,927,898,863
Slovakia,498,539,627,610,585,609,697,592,536,543,466,419,424,362,356,359,343,348,347,349,331,267,305,296
Slovenia,224,207,225,238,209,306,219,199,210,199,192,178,171,227,188,245,256,245,250,256,260,193,201,212
Spain,4 337,4 156,4 048,3 633,3 631,3 512,3 455,3 575,3 660,3 849,3 971,4 330,4 924,5 033,5 350,6 143,6 640,7 164,7 489,7 262,7 954,5 781,8 165,8 548
Sweden,4 994,4 598,4 041,3 709,3 116,3 106,3 212,2 920,3 292,3 279,3 116,3 236,3 926,4 283,4 369,4 507,4 297,4 053,3 543,3 460,3 213,2 045,2 352,2 732
Switzerland,1 893,1 850,1 680,1 562,1 561,1 361,1 276,1 241,1 296,1 316,1 284,1 287,1 362,1 420,1 441,1 461,1 480,1 487,1 382,1 367,1 340,988,1 301,1 434
Türkiye,10 100,10 983,12 091,11 601,11 398,12 474,11 622,11 506,12 030,13 263,12 397,12 184,11 973,11 278,10 821,10 724,10 691,10 586,10 520,10 159,9 481,8 109,8 467,8 657
Ukraine,1 673,1 909,2 195,2 070,2 004,1 831,1 805,1 692,1 714,1 716,1 727,1 583,1 535,1 490,1 464,1 551,1 680,1 817,1 928,1 953,1 899,1 739,1 835,2 072
United Kingdom,7 990,8 139,8 414,8 326,8 439,8 236,8 274,8 438,8 367,8 701,8 861,8 947,9 186,9 467,10 191,10 743,11 599,11 489,11 460,11 146,10 756,8 028,10 292,10 659
Anguilla,63,65,46,46,62,61,44,49,93,71,65,43,29,15,21,15,18,14,15,19,19,19,18,15
Antigua and Barbuda,287,271,239,215,240,204,226,203,174,189,213,193,183,188,215,120,228,225,200,164,193,186,159,168
Aruba,82,85,64,55,60,70,91,90,68,124,72,94,67,69,74,68,89,73,90,71,73,74,65,58
Bahamas,1 902,1 762,1 973,2 012,2 030,1 638,1 631,1 681,1 542,1 773,1 828,1 720,1 737,1 629,1 744,1 835,2 027,2 252,2 176,2 148,2 500,2 342,2 387,2 606
Barbados,701,647,580,590,569,494,467,440,403,452,360,332,267,293,285,278,319,319,322,333,298,339,269,287
Bermuda,584,609,525,714,633,494,497,476,421,410,429,395,389,406,388,387,319,315,296,280,251,234,235,228
British Virgin Islands,83,84,97,113,145,187,188,138,93,96,122,94,116,112,80,99,95,76,70,81,81,45,35,82
Cayman Islands,249,243,211,203,191,168,223,210,161,164,158,165,181,175,187,174,165,165,169,159,136,120,111,145
Cuba,139,517,163,141,132,190,119,99,82,84,88,62,57,76,69,94,153,119,152,163,130,115,114,113
Curacao,0,0,0,0,0,0,0,0,0,0,0,0,0,4,76,75,117,118,128,122,136,74,76,54
Dominica,256,258,232,288,232,319,376,327,228,285,301,256,261,237,191,166,238,271,371,227,576,583,514,459
Dominican Republic,922,869,898,983,998,868,875,961,1 159,1 387,1 400,1 393,1 610,1 803,1 746,1 535,1 513,1 428,1 467,1 559,1 379,1 244,1 300,1 514
Grenada,292,281,185,317,229,210,376,297,238,298,231,189,261,225,189,145,186,194,170,133,161,141,118,129
Guadeloupe,7,10,8,8,5,10,13,10,6,14,14,14,15,11,18,11,11,9,10,8,14,3,2,25
Haiti,1 145,1 012,1 184,910,1 074,1 002,1 029,1 163,872,857,1 012,888,889,934,942,934,946,958,948,967,1 016,1 067,1 015,1 015
Jamaica,3 762,4 225,4 286,4 723,4 994,4 368,4 166,4 110,3 871,3 902,3 530,3 172,2 694,2 499,2 502,2 440,2 510,2 797,2 785,2 820,2 884,2 714,2 651,2 928
Martinique,7,8,13,6,9,16,15,8,5,7,8,8,3,4,7,3,9,9,12,11,8,3,4,5
Montserrat,18,10,6,13,6,13,17,24,16,13,15,8,2,3,1,1,4,3,3,7,4,6,3,4
St. Kitts and Nevis,196,271,146,172,167,196,265,271,239,310,244,217,269,234,190,182,222,218,200,147,216,235,184,186
St. Lucia,231,267,269,331,299,345,342,331,319,331,529,526,352,330,322,275,265,268,229,206,215,216,164,201
St. Vincent and the Grenadines,209,139,131,172,183,175,140,139,126,122,124,105,95,98,105,75,89,83,83,92,91,86,74,93
Trinidad and Tobago,2 762,2 901,2 668,3 127,3 638,2 930,2 924,2 912,2 640,2 475,2 402,1 882,1 689,1 532,1 440,1 464,1 381,1 304,1 257,1 202,1 272,1 180,1 160,1 248
Turks and Caicos,30,48,64,54,78,168,166,199,169,169,146,82,55,29,29,36,44,50,42,37,37,46,40,36
Mexico and Central America,16 854,16 764,18 826,18 856,19 264,19 227,19 709,19 743,20 800,21 430,19 956,20 361,20 432,21 072,22 276,24 709,24 983,25 158,24 002,23 998,23 110,21 224,23 525,23 778
Belize,464,489,542,489,501,449,462,454,490,468,415,388,370,333,324,312,308,356,366,375,388,352,388,370
Costa Rica,821,928,966,951,907,895,896,939,927,1 027,1 089,1 105,1 078,1 074,1 067,1 118,1 148,1 148,1 146,1 157,1 240,1 134,1 315,1 357
El Salvador,1 079,825,917,971,976,962,939,1 031,940,1 184,1 208,1 157,1 151,1 172,1 233,1 460,1 632,1 570,1 554,1 566,1 581,1 492,1 445,1 309
Guatemala,1 044,1 050,1 058,1 045,1 030,1 037,1 006,1 014,1 019,1 094,992,1 042,1 048,1 113,1 252,1 205,1 245,1 217,1 206,1 192,1 195,1 102,1 228,1 289
Honduras,859,974,1 007,985,1 089,1 140,1 042,1 097,1 068,1 226,1 337,1 349,1 407,1 513,1 756,1 760,1 985,2 046,2 104,2 191,2 161,2 021,2 186,2 227
Mexico,10 607,10 670,12 518,12 801,13 329,13 063,13 931,13 826,14 837,14 850,13 450,13 713,13 893,14 199,14 779,17 052,16 733,16 835,15 468,15 229,14 348,12 986,14 500,14 541
Nicaragua,591,611,608,480,473,673,410,409,389,448,383,434,363,434,437,418,395,398,409,443,489,478,553,598
Panama,1 389,1 217,1 208,1 134,958,1 008,1 023,973,1 130,1 133,1 082,1 173,1 122,1 234,1 428,1 384,1 537,1 588,1 749,1 845,1 708,1 659,1 910,2 087
South America,31 415,32 447,35 653,35 199,34 788,32 962,31 205,30 982,30 932,32 961,32 564,32 164,32 602,34 692,39 163,51 191,48 883,43 146,44 629,45 899,45 249,40 451,43 655,46 475
Argentina,2 978,3 172,3 444,3 644,3 644,3 363,3 032,2 813,2 535,2 380,2 165,2 105,1 888,1 847,1 902,2 053,2 201,2 219,2 283,2 407,2 428,2 184,2 718,2 979
Bolivia,876,897,953,1 051,1 004,1 008,995,993,964,1 067,1 039,977,1 025,1 024,1 068,1 116,1 142,1 207,1 153,1 195,1 199,1 124,1 285,1 332
Brazil,8 600,8 846,8 972,8 388,7 799,7 244,7 009,7 126,7 578,8 767,8 786,8 777,9 029,10 868,13 286,23 675,19 370,13 089,14 620,16 059,16 671,14 000,14 897,16 025
Chile,1 429,1 553,1 655,1 723,1 612,1 559,1 550,1 570,1 685,1 953,2 055,2 164,2 203,2 349,2 432,2 513,2 630,2 523,2 528,2 699,2 483,2 227,2 750,3 007
Colombia,6 277,6 765,8 068,7 771,7 533,7 334,6 835,6 750,6 662,7 013,6 920,6 456,6 295,6 543,7 083,7 169,7 815,7 982,7 976,8 060,7 787,7 107,8 077,9 096
Ecuador,1 939,2 028,2 364,2 398,2 345,2 177,2 173,2 211,2 152,2 268,2 232,2 150,2 160,2 299,2 578,2 797,2 889,3 032,3 050,2 892,2 852,2 515,2 781,3 090
French Guiana,8,5,6,4,1,3,3,2,8,4,2,28,1,4,2,11,7,1,3,7,7,4,3,13
Guyana,496,409,359,503,503,441,349,343,300,280,296,272,224,206,246,230,246,250,296,311,301,358,326,380
Paraguay,304,371,375,418,343,305,321,340,377,380,340,322,342,395,492,505,564,587,590,619,609,804,714,732
Peru,2 785,2 660,3 188,3 376,3 771,3 631,3 519,3 701,3 672,3 598,3 279,2 939,2 702,2 539,2 607,2 763,3 256,3 200,3 235,3 409,3 547,3 556,4 335,5 170
Suriname,111,121,100,97,126,92,117,101,88,93,101,94,92,88,91,82,84,83,80,74,57,55,37,43
Uruguay,397,397,468,493,532,526,509,476,458,447,390,389,360,365,353,384,410,433,444,407,453,395,414,398
Venezuela,5 125,5 217,5 627,5 333,5 575,5 279,4 792,4 523,4 446,4 678,4 958,5 491,6 281,6 158,7 022,7 890,8 267,8 540,8 371,7 760,6 855,6 122,5 317,4 210
Bahrain,542,562,601,451,444,377,373,392,394,431,415,409,438,459,467,474,469,475,451,422,406,362,387,371
Iran,1 885,1 844,2 216,2 258,2 321,2 251,2 420,2 795,3 060,3 533,4 731,5 626,6 982,8 744,10 194,11 338,12 269,12 643,12 783,12 142,11 451,9 614,9 295,10 812
Iraq,112,155,147,127,120,142,190,262,307,359,423,616,809,1 074,1 491,1 727,1 901,1 698,1 438,1 237,965,771,597,544
Israel,3 238,3 402,3 458,3 521,3 474,3 323,3 419,3 269,3 004,3 060,2 778,2 701,2 490,2 430,2 457,2 370,2 343,2 393,2 327,2 392,2 226,1 844,2 027,2 019
Jordan,2 074,2 187,2 417,2 173,1 853,1 754,1 733,1 726,1 799,2 225,1 995,2 002,2 062,2 109,2 148,2 215,2 330,2 312,2 420,2 435,2 441,2 338,2 426,2 608
Kuwait,3 298,3 045,2 966,2 212,1 846,1 720,1 703,1 633,1 823,2 031,2 442,2 998,3 722,5 115,7 288,9 034,9 772,9 825,10 190,9 195,8 375,6 846,5 923,5 427
Lebanon,1 582,2 005,2 435,2 364,2 179,2 040,1 950,1 852,1 807,1 823,1 608,1 462,1 350,1 266,1 367,1 416,1 486,1 556,1 633,1 672,1 709,1 700,1 958,2 097
Oman,661,702,623,540,445,354,337,254,361,271,286,313,538,980,1 504,2 200,2 856,2 876,3 097,2 963,2 808,2 433,2 202,2 077
Palestinian Territories,209,237,232,287,247,268,309,361,249,362,304,331,331,319,429,458,468,423,480,468,478,424,485,457
Qatar,416,463,461,441,354,290,254,296,345,463,663,716,979,994,1 191,1 252,1 443,1 420,1 127,834,670,562,500,404
Saudi Arabia,5 156,5 273,5 579,4 175,3 521,3 035,3 448,7 886,9 873,12 661,15 810,22 704,34 139,44 566,53 919,59 945,61 287,52 611,44 432,37 080,30 957,21 933,18 206,15 989
Syria,641,713,735,642,556,498,446,462,517,454,424,526,458,505,693,792,783,827,726,566,463,425,385,402
United Arab Emirates,2 539,2 659,2 121,1 792,1 248,1 158,978,885,983,1 218,1 653,1 871,2 097,2 256,2 784,2 878,2 920,2 753,2 486,2 361,2 074,1 737,1 618,1 502
Yemen,372,411,436,375,284,238,246,248,233,249,265,268,269,353,440,516,599,658,517,398,320,293,305,305
North Africa,4 172,4 818,5 215,4 787,4 208,3 608,3 461,3 379,3 634,4 229,4 941,5 420,5 456,5 879,6 246,6 692,7 301,7 544,7 268,6 961,6 982,6 282,6 790,7 281
Algeria,214,220,196,177,148,143,132,145,179,172,178,158,177,176,173,175,158,192,212,238,239,219,268,302
Egypt,1 964,2 255,2 409,2 155,1 822,1 574,1 509,1 664,1 766,1 915,2 271,2 181,2 201,2 608,2 832,2 974,3 442,3 715,3 701,3 675,3 859,3 672,3 967,4 247
Libya,38,39,42,33,39,39,38,93,155,667,1 064,1 494,1 328,1 343,1 379,1 578,1 514,1 311,1 064,884,720,563,472,449
Morocco,1 607,1 917,2 102,2 034,1 835,1 571,1 502,1 202,1 132,1 169,1 120,1 201,1 305,1 293,1 324,1 373,1 495,1 634,1 563,1 461,1 499,1 294,1 466,1 603
Tunisia,344,385,458,381,341,268,277,274,402,306,308,386,445,459,538,592,692,692,728,703,665,534,617,680
Canada,23 544,25 279,26 514,26 513,27 017,28 140,28 202,28 280,29 051,29 697,28 145,27 546,26 821,27 357,28 304,27 240,26 973,27 065,25 909,26 122,25 992,25 143,27 013,27 876
Australia,2 617,2 645,2 707,2 777,2 706,2 659,2 806,2 797,3 088,3 203,3 296,3 777,3 848,4 121,4 377,4 511,4 752,4 933,4 908,4 930,4 982,3 623,3 892,4 504
Cook Islands,9,4,4,5,3,3,12,3,5,1,9,4,6,7,5,2,5,0,5,17,0,8,4,2
Fiji,214,250,247,212,177,184,177,112,177,192,157,138,122,136,124,89,111,100,109,98,90,89,85,134
French Polynesia,94,71,110,80,97,91,87,21,58,35,28,30,42,37,28,23,31,30,30,60,49,65,39,56
Kiribati,46,42,35,47,53,32,34,58,36,30,31,31,48,70,84,41,53,64,58,91,67,53,28,42
Nauru,4,4,2,3,0,8,8,5,3,6,2,11,7,1,6,9,0,1,1,1,2,1,3,3
New Caledonia,12,7,2,9,9,9,21,5,9,7,12,13,8,7,9,7,2,5,6,4,6,7,2,2
New Zealand,956,971,1 046,1 041,962,900,929,870,1 021,1 074,1 103,1 164,1 204,1 311,1 337,1 472,1 608,1 741,1 785,1 841,1 856,1 520,1 539,1 651
Niue,5,5,18,17,11,6,5,5,3,11,36,8,8,7,2,8,2,4,4,2,1,10,0,1
Norfolk Island,0,1,2,1,0,0,1,0,0,0,5,0,0,0,0,0,2,1,3,1,2,2,0,0
Palau,58,48,45,57,45,38,34,22,44,33,32,31,21,20,6,10,12,15,31,26,34,25,19,13
Papua New Guinea,38,30,32,37,32,35,64,27,35,56,52,50,60,78,79,87,87,77,83,86,88,100,92,104
Samoa,189,118,107,125,103,123,87,27,72,94,43,49,51,53,51,21,60,56,93,103,76,106,72,66
Solomon Islands,5,7,8,10,9,19,12,6,14,6,8,7,13,10,11,7,5,8,9,15,17,16,14,10
Tonga,164,188,164,144,111,146,168,47,201,115,102,103,104,105,116,95,130,133,169,186,161,189,119,147
Tuvalu,4,2,2,9,5,1,1,3,5,4,2,2,3,2,1,7,4,3,4,4,4,6,1,3
Vanuatu,3,5,6,8,5,7,9,5,5,5,5,8,8,7,7,8,9,11,14,15,13,11,11,8